,0
0,1276 people are currently supporting this.
0,"₹ 1,665"
1,"₹ 1,665"
2,"₹ 3,330"
3,"₹ 3,330"
4,"₹ 4,995"
5,"₹ 4,995"
6,"₹ 6,660"
7,"₹ 6,660"
0,Select Amount
1,"₹ 8,325"
2,"₹ 9,990"
3,"₹ 11,655"
4,"₹ 13,320"
5,"₹ 14,985"
6,"₹ 16,650"
7,"₹ 18,315"
8,"₹ 19,980"
9,"₹ 21,645"
10,"₹ 23,310"
11,"₹ 24,975"
0,1109 people are currently supporting this.
0,"₹ 2,720"
1,"₹ 2,720"
2,"₹ 5,440"
3,"₹ 5,440"
4,"₹ 8,160"
5,"₹ 8,160"
6,"₹ 10,880"
7,"₹ 10,880"
0,Select Amount
1,"₹ 13,600"
2,"₹ 16,320"
3,"₹ 19,040"
4,"₹ 21,760"
5,"₹ 24,480"
6,"₹ 27,200"
7,"₹ 29,920"
8,"₹ 32,640"
9,"₹ 35,360"
10,"₹ 38,080"
11,"₹ 40,800"
0,207 people are currently supporting this.
0,"₹ 1,000"
1,"₹ 1,000"
2,"₹ 2,000"
3,"₹ 2,000"
4,"₹ 3,000"
5,"₹ 3,000"
6,"₹ 4,000"
7,"₹ 4,000"
0,Select Amount
1,"₹ 5,000"
2,"₹ 6,000"
3,"₹ 7,000"
4,"₹ 8,000"
5,"₹ 9,000"
6,"₹ 10,000"
7,"₹ 11,000"
8,"₹ 12,000"
9,"₹ 13,000"
10,"₹ 14,000"
11,"₹ 15,000"
0,102 people are currently supporting this.
0,"₹ 2,490"
1,"₹ 2,490"
2,"₹ 4,980"
3,"₹ 4,980"
4,"₹ 7,470"
5,"₹ 7,470"
6,"₹ 9,960"
7,"₹ 9,960"
0,Select Amount
1,"₹ 12,450"
2,"₹ 14,940"
3,"₹ 17,430"
4,"₹ 19,920"
5,"₹ 22,410"
6,"₹ 24,900"
7,"₹ 27,390"
8,"₹ 29,880"
9,"₹ 32,370"
10,"₹ 34,860"
11,"₹ 37,350"
0,306 people are currently supporting this.
0,"₹ 1,110"
1,"₹ 1,110"
2,"₹ 2,220"
3,"₹ 2,220"
4,"₹ 3,330"
5,"₹ 3,330"
6,"₹ 4,440"
7,"₹ 4,440"
0,Select Amount
1,"₹ 5,550"
2,"₹ 6,660"
3,"₹ 7,770"
4,"₹ 8,880"
5,"₹ 9,990"
6,"₹ 11,100"
7,"₹ 12,210"
8,"₹ 13,320"
9,"₹ 14,430"
10,"₹ 15,540"
11,"₹ 16,650"
0,210 people are currently supporting this.
0,₹ 833
1,₹ 833
2,"₹ 1,666"
3,"₹ 1,666"
4,"₹ 2,499"
5,"₹ 2,499"
6,"₹ 3,332"
7,"₹ 3,332"
0,Select Amount
1,"₹ 4,165"
2,"₹ 4,998"
3,"₹ 5,831"
4,"₹ 6,664"
5,"₹ 7,497"
6,"₹ 8,330"
0,92 people are currently supporting this.
0,₹ 474
1,₹ 474
2,₹ 948
3,₹ 948
4,"₹ 1,422"
5,"₹ 1,422"
6,"₹ 1,896"
7,"₹ 1,896"
0,Select Amount
1,"₹ 2,370"
2,"₹ 2,844"
3,"₹ 3,318"
4,"₹ 3,792"
5,"₹ 4,266"
6,"₹ 4,740"
7,"₹ 5,214"
8,"₹ 5,688"
9,"₹ 6,162"
10,"₹ 6,636"
11,"₹ 7,110"
0,107 people are currently supporting this.
0,₹ 718
1,₹ 718
2,"₹ 1,436"
3,"₹ 1,436"
4,"₹ 2,154"
5,"₹ 2,154"
6,"₹ 2,872"
7,"₹ 2,872"
0,Select Amount
1,"₹ 3,590"
2,"₹ 4,308"
3,"₹ 5,026"
4,"₹ 5,744"
5,"₹ 6,462"
6,"₹ 7,180"
7,"₹ 7,898"
8,"₹ 8,616"
9,"₹ 9,334"
10,"₹ 10,052"
11,"₹ 10,770"
0,897 people are currently supporting this.
0,"₹ 11,655"
1,"₹ 11,655"
2,"₹ 23,310"
3,"₹ 23,310"
4,"₹ 34,965"
5,"₹ 34,965"
6,"₹ 46,620"
7,"₹ 46,620"
0,Select Amount
1,"₹ 58,275"
2,"₹ 69,930"
3,"₹ 81,585"
4,"₹ 93,240"
5,"₹ 1,04,895"
6,"₹ 1,16,550"
7,"₹ 1,28,205"
8,"₹ 1,39,860"
9,"₹ 1,51,515"
10,"₹ 1,63,170"
11,"₹ 1,74,825"
0,928 people are currently supporting this.
0,"₹ 1,665"
1,"₹ 1,665"
2,"₹ 3,330"
3,"₹ 3,330"
4,"₹ 4,995"
5,"₹ 4,995"
6,"₹ 6,660"
7,"₹ 6,660"
0,Select Amount
1,"₹ 8,325"
2,"₹ 9,990"
3,"₹ 11,655"
4,"₹ 13,320"
5,"₹ 14,985"
6,"₹ 16,650"
7,"₹ 18,315"
8,"₹ 19,980"
9,"₹ 21,645"
10,"₹ 23,310"
11,"₹ 24,975"
0,324 people are currently supporting this.
0,"₹ 4,385"
1,"₹ 4,385"
2,"₹ 8,770"
3,"₹ 8,770"
4,"₹ 13,155"
5,"₹ 13,155"
6,"₹ 17,540"
7,"₹ 17,540"
0,Select Amount
1,"₹ 21,925"
2,"₹ 26,310"
3,"₹ 30,695"
4,"₹ 35,080"
5,"₹ 39,465"
6,"₹ 43,850"
7,"₹ 48,235"
8,"₹ 52,620"
9,"₹ 57,005"
10,"₹ 61,390"
11,"₹ 65,775"
0,336 people are currently supporting this.
0,"₹ 1,780"
1,"₹ 1,780"
2,"₹ 3,560"
3,"₹ 3,560"
4,"₹ 5,340"
5,"₹ 5,340"
6,"₹ 7,120"
7,"₹ 7,120"
0,Select Amount
1,"₹ 8,900"
2,"₹ 10,680"
3,"₹ 12,460"
4,"₹ 14,240"
5,"₹ 16,020"
6,"₹ 17,800"
7,"₹ 19,580"
8,"₹ 21,360"
9,"₹ 23,140"
10,"₹ 24,920"
0,132 people are currently supporting this.
0,"₹ 1,305"
1,"₹ 1,305"
2,"₹ 2,610"
3,"₹ 2,610"
4,"₹ 3,915"
5,"₹ 3,915"
6,"₹ 5,220"
7,"₹ 5,220"
0,Select Amount
1,"₹ 6,525"
2,"₹ 7,830"
3,"₹ 9,135"
4,"₹ 10,440"
5,"₹ 11,745"
6,"₹ 13,050"
7,"₹ 14,355"
8,"₹ 15,660"
9,"₹ 16,965"
10,"₹ 18,270"
11,"₹ 19,575"
0,35 people are currently supporting this.
0,"₹ 2,890"
1,"₹ 2,890"
2,"₹ 5,780"
3,"₹ 5,780"
4,"₹ 8,670"
5,"₹ 8,670"
6,"₹ 11,560"
7,"₹ 11,560"
0,Select Amount
1,"₹ 14,450"
2,"₹ 17,340"
3,"₹ 20,230"
4,"₹ 23,120"
5,"₹ 26,010"
6,"₹ 28,900"
7,"₹ 31,790"
8,"₹ 34,680"
9,"₹ 37,570"
10,"₹ 40,460"
11,"₹ 43,350"
0,10 people are currently supporting this.
0,"₹ 4,995"
1,"₹ 4,995"
2,"₹ 9,990"
3,"₹ 9,990"
4,"₹ 14,985"
5,"₹ 14,985"
6,"₹ 19,980"
7,"₹ 19,980"
0,Select Amount
1,"₹ 24,975"
2,"₹ 29,970"
3,"₹ 34,965"
4,"₹ 39,960"
5,"₹ 44,955"
6,"₹ 49,950"
7,"₹ 54,945"
8,"₹ 59,940"
9,"₹ 64,935"
10,"₹ 69,930"
11,"₹ 74,925"
0,25 people are currently supporting this.
0,"₹ 2,890"
1,"₹ 2,890"
2,"₹ 5,780"
3,"₹ 5,780"
4,"₹ 8,670"
5,"₹ 8,670"
6,"₹ 11,560"
7,"₹ 11,560"
0,Select Amount
1,"₹ 14,450"
2,"₹ 17,340"
3,"₹ 20,230"
4,"₹ 23,120"
5,"₹ 26,010"
6,"₹ 28,900"
7,"₹ 31,790"
0,1248 people are currently supporting this.
0,"₹ 1,110"
1,"₹ 1,110"
2,"₹ 2,220"
3,"₹ 2,220"
4,"₹ 3,330"
5,"₹ 3,330"
6,"₹ 4,440"
7,"₹ 4,440"
0,Select Amount
1,"₹ 5,550"
2,"₹ 6,660"
3,"₹ 7,770"
4,"₹ 8,880"
5,"₹ 9,990"
6,"₹ 11,100"
7,"₹ 12,210"
8,"₹ 13,320"
9,"₹ 14,430"
10,"₹ 15,540"
11,"₹ 16,650"
0,242 people are currently supporting this.
0,₹ 555
1,₹ 555
2,"₹ 1,110"
3,"₹ 1,110"
4,"₹ 1,665"
5,"₹ 1,665"
6,"₹ 2,220"
7,"₹ 2,220"
0,Select Amount
1,"₹ 2,775"
2,"₹ 3,330"
3,"₹ 3,885"
4,"₹ 4,440"
5,"₹ 4,995"
0,242 people are currently supporting this.
0,₹ 299
1,₹ 299
2,₹ 598
3,₹ 598
4,₹ 897
5,₹ 897
6,"₹ 1,196"
7,"₹ 1,196"
0,Select Amount
1,"₹ 1,495"
2,"₹ 1,794"
3,"₹ 2,093"
4,"₹ 2,392"
5,"₹ 2,691"
6,"₹ 2,990"
7,"₹ 3,289"
8,"₹ 3,588"
9,"₹ 3,887"
10,"₹ 4,186"
11,"₹ 4,485"
0,105 people are currently supporting this.
0,₹ 613
1,₹ 613
2,"₹ 1,226"
3,"₹ 1,226"
4,"₹ 1,839"
5,"₹ 1,839"
6,"₹ 2,452"
7,"₹ 2,452"
0,Select Amount
1,"₹ 3,065"
2,"₹ 3,678"
3,"₹ 4,291"
4,"₹ 4,904"
5,"₹ 5,517"
6,"₹ 6,130"
7,"₹ 6,743"
8,"₹ 7,356"
9,"₹ 7,969"
10,"₹ 8,582"
11,"₹ 9,195"
0,391 people are currently supporting this.
0,"₹ 1,275"
1,"₹ 1,275"
2,"₹ 2,550"
3,"₹ 2,550"
4,"₹ 3,825"
5,"₹ 3,825"
6,"₹ 5,100"
7,"₹ 5,100"
0,Select Amount
1,"₹ 6,375"
2,"₹ 7,650"
3,"₹ 8,925"
4,"₹ 10,200"
5,"₹ 11,475"
6,"₹ 12,750"
7,"₹ 14,025"
8,"₹ 15,300"
9,"₹ 16,575"
10,"₹ 17,850"
11,"₹ 19,125"
0,327 people are currently supporting this.
0,"₹ 1,230"
1,"₹ 1,230"
2,"₹ 2,460"
3,"₹ 2,460"
4,"₹ 3,690"
5,"₹ 3,690"
6,"₹ 4,920"
7,"₹ 4,920"
0,Select Amount
1,"₹ 6,150"
2,"₹ 7,380"
3,"₹ 8,610"
4,"₹ 9,840"
5,"₹ 11,070"
6,"₹ 12,300"
7,"₹ 13,530"
8,"₹ 14,760"
9,"₹ 15,990"
10,"₹ 17,220"
11,"₹ 18,450"
0,303 people are currently supporting this.
0,"₹ 1,500"
1,"₹ 1,500"
2,"₹ 3,000"
3,"₹ 3,000"
4,"₹ 4,500"
5,"₹ 4,500"
6,"₹ 6,000"
7,"₹ 6,000"
0,Select Amount
1,"₹ 7,500"
2,"₹ 9,000"
3,"₹ 10,500"
4,"₹ 12,000"
5,"₹ 13,500"
6,"₹ 15,000"
7,"₹ 16,500"
8,"₹ 18,000"
9,"₹ 19,500"
10,"₹ 21,000"
11,"₹ 22,500"
0,368 people are currently supporting this.
0,"₹ 1,335"
1,"₹ 1,335"
2,"₹ 2,670"
3,"₹ 2,670"
4,"₹ 4,005"
5,"₹ 4,005"
6,"₹ 5,340"
7,"₹ 5,340"
0,Select Amount
1,"₹ 6,675"
2,"₹ 8,010"
3,"₹ 9,345"
4,"₹ 10,680"
5,"₹ 12,015"
6,"₹ 13,350"
7,"₹ 14,685"
8,"₹ 16,020"
9,"₹ 17,355"
10,"₹ 18,690"
11,"₹ 20,025"
0,132 people are currently supporting this.
0,"₹ 9,435"
1,"₹ 9,435"
2,"₹ 18,870"
3,"₹ 18,870"
4,"₹ 28,305"
5,"₹ 28,305"
6,"₹ 37,740"
7,"₹ 37,740"
0,Select Amount
1,"₹ 47,175"
2,"₹ 56,610"
3,"₹ 66,045"
4,"₹ 75,480"
5,"₹ 84,915"
6,"₹ 94,350"
7,"₹ 1,03,785"
8,"₹ 1,13,220"
9,"₹ 1,22,655"
10,"₹ 1,32,090"
11,"₹ 1,41,525"
0,7 people are currently supporting this.
0,"₹ 5,550"
1,"₹ 5,550"
2,"₹ 11,100"
3,"₹ 11,100"
4,"₹ 16,650"
5,"₹ 16,650"
6,"₹ 22,200"
7,"₹ 22,200"
0,Select Amount
1,"₹ 27,750"
2,"₹ 33,300"
3,"₹ 38,850"
4,"₹ 44,400"
5,"₹ 49,950"
6,"₹ 55,500"
7,"₹ 61,050"
8,"₹ 66,600"
9,"₹ 72,150"
10,"₹ 77,700"
11,"₹ 83,250"
0,43 people are currently supporting this.
0,"₹ 1,270"
1,"₹ 1,270"
2,"₹ 2,540"
3,"₹ 2,540"
4,"₹ 3,810"
5,"₹ 3,810"
6,"₹ 5,080"
7,"₹ 5,080"
0,Select Amount
1,"₹ 6,350"
2,"₹ 7,620"
3,"₹ 8,890"
4,"₹ 10,160"
5,"₹ 11,430"
6,"₹ 12,700"
7,"₹ 13,970"
8,"₹ 15,240"
9,"₹ 16,510"
10,"₹ 17,780"
11,"₹ 19,050"
0,61 people are currently supporting this.
0,"₹ 1,665"
1,"₹ 1,665"
2,"₹ 3,330"
3,"₹ 3,330"
4,"₹ 4,995"
5,"₹ 4,995"
6,"₹ 6,660"
7,"₹ 6,660"
0,Select Amount
1,"₹ 8,325"
2,"₹ 9,990"
3,"₹ 11,655"
4,"₹ 13,320"
5,"₹ 14,985"
6,"₹ 16,650"
7,"₹ 18,315"
8,"₹ 19,980"
9,"₹ 21,645"
10,"₹ 23,310"
11,"₹ 24,975"
0,135 people are currently supporting this.
0,"₹ 1,500"
1,"₹ 1,500"
2,"₹ 3,000"
3,"₹ 3,000"
4,"₹ 4,500"
5,"₹ 4,500"
6,"₹ 6,000"
7,"₹ 6,000"
0,Select Amount
1,"₹ 7,500"
2,"₹ 9,000"
3,"₹ 10,500"
4,"₹ 12,000"
5,"₹ 13,500"
6,"₹ 15,000"
7,"₹ 16,500"
8,"₹ 18,000"
9,"₹ 19,500"
0,11 people are currently supporting this.
0,"₹ 3,555"
1,"₹ 3,555"
2,"₹ 7,110"
3,"₹ 7,110"
4,"₹ 10,665"
5,"₹ 10,665"
6,"₹ 14,220"
7,"₹ 14,220"
0,Select Amount
1,"₹ 17,775"
2,"₹ 21,330"
3,"₹ 24,885"
4,"₹ 28,440"
5,"₹ 31,995"
6,"₹ 35,550"
7,"₹ 39,105"
8,"₹ 42,660"
9,"₹ 46,215"
10,"₹ 49,770"
11,"₹ 53,325"
0,383 people are currently supporting this.
0,₹ 720
1,₹ 720
2,"₹ 1,440"
3,"₹ 1,440"
4,"₹ 2,160"
5,"₹ 2,160"
6,"₹ 2,880"
7,"₹ 2,880"
0,Select Amount
1,"₹ 3,600"
2,"₹ 4,320"
3,"₹ 5,040"
4,"₹ 5,760"
5,"₹ 6,480"
6,"₹ 7,200"
7,"₹ 7,920"
8,"₹ 8,640"
9,"₹ 9,360"
10,"₹ 10,080"
11,"₹ 10,800"
0,473 people are currently supporting this.
0,₹ 555
1,₹ 555
2,"₹ 1,110"
3,"₹ 1,110"
4,"₹ 1,665"
5,"₹ 1,665"
6,"₹ 2,220"
7,"₹ 2,220"
0,Select Amount
1,"₹ 2,775"
2,"₹ 3,330"
3,"₹ 3,885"
4,"₹ 4,440"
5,"₹ 4,995"
6,"₹ 5,550"
7,"₹ 6,105"
8,"₹ 6,660"
9,"₹ 7,215"
10,"₹ 7,770"
11,"₹ 8,325"
0,322 people are currently supporting this.
0,"₹ 16,095"
1,"₹ 16,095"
2,"₹ 32,190"
3,"₹ 32,190"
4,"₹ 48,285"
5,"₹ 48,285"
6,"₹ 64,380"
7,"₹ 64,380"
0,Select Amount
1,"₹ 80,475"
2,"₹ 96,570"
3,"₹ 1,12,665"
4,"₹ 1,28,760"
5,"₹ 1,44,855"
6,"₹ 1,60,950"
7,"₹ 1,77,045"
8,"₹ 1,93,140"
9,"₹ 2,09,235"
10,"₹ 2,25,330"
11,"₹ 2,41,425"
0,348 people are currently supporting this.
0,"₹ 2,445"
1,"₹ 2,445"
2,"₹ 4,890"
3,"₹ 4,890"
4,"₹ 7,335"
5,"₹ 7,335"
6,"₹ 9,780"
7,"₹ 9,780"
0,Select Amount
1,"₹ 12,225"
2,"₹ 14,670"
3,"₹ 17,115"
4,"₹ 19,560"
5,"₹ 22,005"
6,"₹ 24,450"
7,"₹ 26,895"
8,"₹ 29,340"
9,"₹ 31,785"
10,"₹ 34,230"
11,"₹ 36,675"
0,367 people are currently supporting this.
0,"₹ 1,725"
1,"₹ 1,725"
2,"₹ 3,450"
3,"₹ 3,450"
4,"₹ 5,175"
5,"₹ 5,175"
6,"₹ 6,900"
7,"₹ 6,900"
0,Select Amount
1,"₹ 8,625"
2,"₹ 10,350"
3,"₹ 12,075"
4,"₹ 13,800"
5,"₹ 15,525"
6,"₹ 17,250"
7,"₹ 18,975"
8,"₹ 20,700"
9,"₹ 22,425"
10,"₹ 24,150"
11,"₹ 25,875"
0,42 people are currently supporting this.
0,"₹ 1,665"
1,"₹ 1,665"
2,"₹ 3,330"
3,"₹ 3,330"
4,"₹ 4,995"
5,"₹ 4,995"
6,"₹ 6,660"
7,"₹ 6,660"
0,Select Amount
1,"₹ 8,325"
2,"₹ 9,990"
3,"₹ 11,655"
4,"₹ 13,320"
5,"₹ 14,985"
6,"₹ 16,650"
7,"₹ 18,315"
8,"₹ 19,980"
9,"₹ 21,645"
10,"₹ 23,310"
11,"₹ 24,975"
0,15 people are currently supporting this.
0,"₹ 2,555"
1,"₹ 2,555"
2,"₹ 5,110"
3,"₹ 5,110"
4,"₹ 7,665"
5,"₹ 7,665"
6,"₹ 10,220"
7,"₹ 10,220"
0,Select Amount
1,"₹ 12,775"
2,"₹ 15,330"
3,"₹ 17,885"
4,"₹ 20,440"
5,"₹ 22,995"
6,"₹ 25,550"
7,"₹ 28,105"
8,"₹ 30,660"
9,"₹ 33,215"
10,"₹ 35,770"
11,"₹ 38,325"
0,198 people are currently supporting this.
0,"₹ 4,995"
1,"₹ 4,995"
2,"₹ 9,990"
3,"₹ 9,990"
4,"₹ 14,985"
5,"₹ 14,985"
6,"₹ 19,980"
7,"₹ 19,980"
0,Select Amount
1,"₹ 24,975"
2,"₹ 29,970"
3,"₹ 34,965"
4,"₹ 39,960"
5,"₹ 44,955"
6,"₹ 49,950"
7,"₹ 54,945"
8,"₹ 59,940"
9,"₹ 64,935"
10,"₹ 69,930"
11,"₹ 74,925"
0,378 people are currently supporting this.
0,"₹ 1,000"
1,"₹ 1,000"
2,"₹ 2,000"
3,"₹ 2,000"
4,"₹ 3,000"
5,"₹ 3,000"
6,"₹ 4,000"
7,"₹ 4,000"
0,Select Amount
1,"₹ 5,000"
2,"₹ 6,000"
3,"₹ 7,000"
4,"₹ 8,000"
5,"₹ 9,000"
6,"₹ 10,000"
7,"₹ 11,000"
8,"₹ 12,000"
9,"₹ 13,000"
10,"₹ 14,000"
11,"₹ 15,000"
0,52 people are currently supporting this.
0,"₹ 1,000"
1,"₹ 1,000"
2,"₹ 2,000"
3,"₹ 2,000"
4,"₹ 3,000"
5,"₹ 3,000"
6,"₹ 4,000"
7,"₹ 4,000"
0,Select Amount
1,"₹ 5,000"
2,"₹ 6,000"
3,"₹ 7,000"
4,"₹ 8,000"
5,"₹ 9,000"
6,"₹ 10,000"
7,"₹ 11,000"
8,"₹ 12,000"
9,"₹ 13,000"
10,"₹ 14,000"
11,"₹ 15,000"
0,1468 people are currently supporting this.
0,₹ 500
1,₹ 500
2,"₹ 1,000"
3,"₹ 1,000"
4,"₹ 1,500"
5,"₹ 1,500"
6,"₹ 2,000"
7,"₹ 2,000"
0,Select Amount
1,"₹ 2,500"
2,"₹ 3,000"
3,"₹ 3,500"
4,"₹ 4,000"
5,"₹ 4,500"
6,"₹ 5,000"
7,"₹ 5,500"
8,"₹ 6,000"
9,"₹ 6,500"
10,"₹ 7,000"
11,"₹ 7,500"
0,575 people are currently supporting this.
0,"₹ 1,110"
1,"₹ 1,110"
2,"₹ 2,220"
3,"₹ 2,220"
4,"₹ 3,330"
5,"₹ 3,330"
6,"₹ 4,440"
7,"₹ 4,440"
0,Select Amount
1,"₹ 5,550"
2,"₹ 6,660"
3,"₹ 7,770"
4,"₹ 8,880"
5,"₹ 9,990"
6,"₹ 11,100"
7,"₹ 12,210"
8,"₹ 13,320"
9,"₹ 14,430"
10,"₹ 15,540"
11,"₹ 16,650"
0,729 people are currently supporting this.
0,₹ 668
1,₹ 668
2,"₹ 1,336"
3,"₹ 1,336"
4,"₹ 2,004"
5,"₹ 2,004"
6,"₹ 2,672"
7,"₹ 2,672"
0,Select Amount
1,"₹ 3,340"
2,"₹ 4,008"
3,"₹ 4,676"
4,"₹ 5,344"
5,"₹ 6,012"
6,"₹ 6,680"
0,415 people are currently supporting this.
0,"₹ 2,335"
1,"₹ 2,335"
2,"₹ 4,670"
3,"₹ 4,670"
4,"₹ 7,005"
5,"₹ 7,005"
6,"₹ 9,340"
7,"₹ 9,340"
0,Select Amount
1,"₹ 11,675"
2,"₹ 14,010"
3,"₹ 16,345"
4,"₹ 18,680"
5,"₹ 21,015"
6,"₹ 23,350"
7,"₹ 25,685"
8,"₹ 28,020"
9,"₹ 30,355"
10,"₹ 32,690"
11,"₹ 35,025"
0,82 people are currently supporting this.
0,"₹ 1,270"
1,"₹ 1,270"
2,"₹ 2,540"
3,"₹ 2,540"
4,"₹ 3,810"
5,"₹ 3,810"
6,"₹ 5,080"
7,"₹ 5,080"
0,Select Amount
1,"₹ 6,350"
2,"₹ 7,620"
3,"₹ 8,890"
4,"₹ 10,160"
5,"₹ 11,430"
6,"₹ 12,700"
7,"₹ 13,970"
8,"₹ 15,240"
9,"₹ 16,510"
10,"₹ 17,780"
11,"₹ 19,050"
0,439 people are currently supporting this.
0,"₹ 1,665"
1,"₹ 1,665"
2,"₹ 3,330"
3,"₹ 3,330"
4,"₹ 4,995"
5,"₹ 4,995"
6,"₹ 6,660"
7,"₹ 6,660"
0,Select Amount
1,"₹ 8,325"
2,"₹ 9,990"
3,"₹ 11,655"
4,"₹ 13,320"
5,"₹ 14,985"
6,"₹ 16,650"
7,"₹ 18,315"
8,"₹ 19,980"
9,"₹ 21,645"
10,"₹ 23,310"
11,"₹ 24,975"
0,64 people are currently supporting this.
0,"₹ 2,335"
1,"₹ 2,335"
2,"₹ 4,670"
3,"₹ 4,670"
4,"₹ 7,005"
5,"₹ 7,005"
6,"₹ 9,340"
7,"₹ 9,340"
0,Select Amount
1,"₹ 11,675"
2,"₹ 14,010"
3,"₹ 16,345"
4,"₹ 18,680"
5,"₹ 21,015"
6,"₹ 23,350"
7,"₹ 25,685"
8,"₹ 28,020"
9,"₹ 30,355"
10,"₹ 32,690"
11,"₹ 35,025"
0,656 people are currently supporting this.
0,"₹ 1,305"
1,"₹ 1,305"
2,"₹ 2,610"
3,"₹ 2,610"
4,"₹ 3,915"
5,"₹ 3,915"
6,"₹ 5,220"
7,"₹ 5,220"
0,Select Amount
1,"₹ 6,525"
2,"₹ 7,830"
3,"₹ 9,135"
4,"₹ 10,440"
5,"₹ 11,745"
6,"₹ 13,050"
7,"₹ 14,355"
8,"₹ 15,660"
9,"₹ 16,965"
10,"₹ 18,270"
11,"₹ 19,575"
0,767 people are currently supporting this.
0,"₹ 1,250"
1,"₹ 1,250"
2,"₹ 2,500"
3,"₹ 2,500"
4,"₹ 3,750"
5,"₹ 3,750"
6,"₹ 5,000"
7,"₹ 5,000"
0,Select Amount
1,"₹ 6,250"
2,"₹ 7,500"
3,"₹ 8,750"
4,"₹ 10,000"
5,"₹ 11,250"
6,"₹ 12,500"
7,"₹ 13,750"
8,"₹ 15,000"
9,"₹ 16,250"
10,"₹ 17,500"
11,"₹ 18,750"
0,311 people are currently supporting this.
0,₹ 613
1,₹ 613
2,"₹ 1,226"
3,"₹ 1,226"
4,"₹ 1,839"
5,"₹ 1,839"
6,"₹ 2,452"
7,"₹ 2,452"
0,Select Amount
1,"₹ 3,065"
2,"₹ 3,678"
3,"₹ 4,291"
4,"₹ 4,904"
5,"₹ 5,517"
6,"₹ 6,130"
7,"₹ 6,743"
8,"₹ 7,356"
9,"₹ 7,969"
10,"₹ 8,582"
11,"₹ 9,195"
0,2263 people are currently supporting this.
0,"₹ 1,055"
1,"₹ 1,055"
2,"₹ 2,110"
3,"₹ 2,110"
4,"₹ 3,165"
5,"₹ 3,165"
6,"₹ 4,220"
7,"₹ 4,220"
0,Select Amount
1,"₹ 5,275"
2,"₹ 6,330"
3,"₹ 7,385"
4,"₹ 8,440"
5,"₹ 9,495"
6,"₹ 10,550"
7,"₹ 11,605"
8,"₹ 12,660"
9,"₹ 13,715"
10,"₹ 14,770"
11,"₹ 15,825"
0,2548 people are currently supporting this.
0,"₹ 1,055"
1,"₹ 1,055"
2,"₹ 2,110"
3,"₹ 2,110"
4,"₹ 3,165"
5,"₹ 3,165"
6,"₹ 4,220"
7,"₹ 4,220"
0,Select Amount
1,"₹ 5,275"
2,"₹ 6,330"
3,"₹ 7,385"
4,"₹ 8,440"
5,"₹ 9,495"
6,"₹ 10,550"
7,"₹ 11,605"
8,"₹ 12,660"
9,"₹ 13,715"
10,"₹ 14,770"
11,"₹ 15,825"
0,2198 people are currently supporting this.
0,"₹ 1,055"
1,"₹ 1,055"
2,"₹ 2,110"
3,"₹ 2,110"
4,"₹ 3,165"
5,"₹ 3,165"
6,"₹ 4,220"
7,"₹ 4,220"
0,Select Amount
1,"₹ 5,275"
2,"₹ 6,330"
3,"₹ 7,385"
4,"₹ 8,440"
5,"₹ 9,495"
6,"₹ 10,550"
7,"₹ 11,605"
8,"₹ 12,660"
9,"₹ 13,715"
10,"₹ 14,770"
11,"₹ 15,825"
0,2364 people are currently supporting this.
0,₹ 100
1,₹ 100
2,₹ 200
3,₹ 200
4,₹ 500
5,₹ 500
6,"₹ 1,000"
7,"₹ 1,000"
0,Other Amount to be entered
0,312 people are currently supporting this.
0,₹ 592
1,₹ 592
2,"₹ 1,184"
3,"₹ 1,184"
4,"₹ 1,776"
5,"₹ 1,776"
6,"₹ 2,368"
7,"₹ 2,368"
0,Select Amount
1,"₹ 2,960"
2,"₹ 3,552"
3,"₹ 4,144"
4,"₹ 4,736"
5,"₹ 5,328"
6,"₹ 5,920"
7,"₹ 6,512"
8,"₹ 7,104"
9,"₹ 7,696"
10,"₹ 8,288"
11,"₹ 8,880"
0,98 people are currently supporting this.
0,"₹ 1,335"
1,"₹ 1,335"
2,"₹ 2,670"
3,"₹ 2,670"
4,"₹ 4,005"
5,"₹ 4,005"
6,"₹ 5,340"
7,"₹ 5,340"
0,Select Amount
1,"₹ 6,675"
2,"₹ 8,010"
3,"₹ 9,345"
4,"₹ 10,680"
5,"₹ 12,015"
6,"₹ 13,350"
7,"₹ 14,685"
8,"₹ 16,020"
9,"₹ 17,355"
10,"₹ 18,690"
11,"₹ 20,025"
0,589 people are currently supporting this.
0,"₹ 1,110"
1,"₹ 1,110"
2,"₹ 2,220"
3,"₹ 2,220"
4,"₹ 3,330"
5,"₹ 3,330"
6,"₹ 4,440"
7,"₹ 4,440"
0,Select Amount
1,"₹ 5,550"
2,"₹ 6,660"
3,"₹ 7,770"
4,"₹ 8,880"
5,"₹ 9,990"
6,"₹ 11,100"
7,"₹ 12,210"
8,"₹ 13,320"
9,"₹ 14,430"
10,"₹ 15,540"
11,"₹ 16,650"
0,285 people are currently supporting this.
0,"₹ 1,890"
1,"₹ 1,890"
2,"₹ 3,780"
3,"₹ 3,780"
4,"₹ 5,670"
5,"₹ 5,670"
6,"₹ 7,560"
7,"₹ 7,560"
0,Select Amount
1,"₹ 9,450"
2,"₹ 11,340"
3,"₹ 13,230"
4,"₹ 15,120"
5,"₹ 17,010"
6,"₹ 18,900"
7,"₹ 20,790"
8,"₹ 22,680"
9,"₹ 24,570"
10,"₹ 26,460"
11,"₹ 28,350"
0,41 people are currently supporting this.
0,"₹ 1,000"
1,"₹ 1,000"
2,"₹ 2,000"
3,"₹ 2,000"
4,"₹ 3,000"
5,"₹ 3,000"
6,"₹ 4,000"
7,"₹ 4,000"
0,Select Amount
1,"₹ 5,000"
2,"₹ 6,000"
3,"₹ 7,000"
4,"₹ 8,000"
5,"₹ 9,000"
6,"₹ 10,000"
7,"₹ 11,000"
8,"₹ 12,000"
9,"₹ 13,000"
10,"₹ 14,000"
11,"₹ 15,000"
0,1219 people are currently supporting this.
0,₹ 407
1,₹ 407
2,₹ 814
3,₹ 814
4,"₹ 1,221"
5,"₹ 1,221"
6,"₹ 1,628"
7,"₹ 1,628"
0,Select Amount
1,"₹ 2,035"
2,"₹ 2,442"
3,"₹ 2,849"
4,"₹ 3,256"
5,"₹ 3,663"
6,"₹ 4,070"
7,"₹ 4,477"
8,"₹ 4,884"
9,"₹ 5,291"
10,"₹ 5,698"
11,"₹ 6,105"
0,2167 people are currently supporting this.
0,"₹ 1,443"
1,"₹ 1,443"
2,"₹ 2,886"
3,"₹ 2,886"
4,"₹ 4,329"
5,"₹ 4,329"
6,"₹ 5,772"
7,"₹ 5,772"
0,Select Amount
1,"₹ 7,215"
2,"₹ 8,658"
3,"₹ 10,101"
4,"₹ 11,544"
5,"₹ 12,987"
6,"₹ 14,430"
7,"₹ 15,873"
8,"₹ 17,316"
9,"₹ 18,759"
10,"₹ 20,202"
11,"₹ 21,645"
0,
0,"₹ 1,865"
1,"₹ 1,865"
2,"₹ 3,730"
3,"₹ 3,730"
4,"₹ 5,595"
5,"₹ 5,595"
6,"₹ 7,460"
7,"₹ 7,460"
0,Select Amount
1,"₹ 9,325"
2,"₹ 11,190"
3,"₹ 13,055"
4,"₹ 14,920"
5,"₹ 16,785"
6,"₹ 18,650"
7,"₹ 20,515"
8,"₹ 22,380"
9,"₹ 24,245"
10,"₹ 26,110"
11,"₹ 27,975"
0,
0,Other Amount to be entered
0,35 people are currently supporting this.
0,₹ 695
1,₹ 695
2,"₹ 1,390"
3,"₹ 1,390"
4,"₹ 2,085"
5,"₹ 2,085"
6,"₹ 2,780"
7,"₹ 2,780"
0,Select Amount
1,"₹ 3,475"
2,"₹ 4,170"
3,"₹ 4,865"
4,"₹ 5,560"
5,"₹ 6,255"
6,"₹ 6,950"
7,"₹ 7,645"
8,"₹ 8,340"
9,"₹ 9,035"
10,"₹ 9,730"
11,"₹ 10,425"
0,389 people are currently supporting this.
0,₹ 278
1,₹ 278
2,₹ 556
3,₹ 556
4,₹ 834
5,₹ 834
6,"₹ 1,112"
7,"₹ 1,112"
0,Select Amount
1,"₹ 1,390"
2,"₹ 1,668"
3,"₹ 1,946"
4,"₹ 2,224"
5,"₹ 2,502"
6,"₹ 2,780"
7,"₹ 3,058"
8,"₹ 3,336"
9,"₹ 3,614"
10,"₹ 3,892"
11,"₹ 4,170"
0,228 people are currently supporting this.
0,"₹ 3,775"
1,"₹ 3,775"
2,"₹ 7,550"
3,"₹ 7,550"
4,"₹ 11,325"
5,"₹ 11,325"
6,"₹ 15,100"
7,"₹ 15,100"
0,Select Amount
1,"₹ 18,875"
2,"₹ 22,650"
3,"₹ 26,425"
4,"₹ 30,200"
5,"₹ 33,975"
0,239 people are currently supporting this.
0,"₹ 1,335"
1,"₹ 1,335"
2,"₹ 2,670"
3,"₹ 2,670"
4,"₹ 4,005"
5,"₹ 4,005"
6,"₹ 5,340"
7,"₹ 5,340"
0,Select Amount
1,"₹ 6,675"
2,"₹ 8,010"
3,"₹ 9,345"
4,"₹ 10,680"
5,"₹ 12,015"
6,"₹ 13,350"
7,"₹ 14,685"
0,230 people are currently supporting this.
0,"₹ 1,335"
1,"₹ 1,335"
2,"₹ 2,670"
3,"₹ 2,670"
4,"₹ 4,005"
5,"₹ 4,005"
6,"₹ 5,340"
7,"₹ 5,340"
0,Select Amount
0,
0,"₹ 3,110"
1,"₹ 3,110"
2,"₹ 6,220"
3,"₹ 6,220"
4,"₹ 9,330"
5,"₹ 9,330"
6,"₹ 12,440"
7,"₹ 12,440"
0,Select Amount
1,"₹ 15,550"
2,"₹ 18,660"
3,"₹ 21,770"
4,"₹ 24,880"
5,"₹ 27,990"
6,"₹ 31,100"
7,"₹ 34,210"
8,"₹ 37,320"
9,"₹ 40,430"
10,"₹ 43,540"
11,"₹ 46,650"
0,30 people are currently supporting this.
0,"₹ 1,225"
1,"₹ 1,225"
2,"₹ 2,450"
3,"₹ 2,450"
4,"₹ 3,675"
5,"₹ 3,675"
6,"₹ 4,900"
7,"₹ 4,900"
0,Select Amount
1,"₹ 6,125"
2,"₹ 7,350"
3,"₹ 8,575"
4,"₹ 9,800"
5,"₹ 11,025"
6,"₹ 12,250"
7,"₹ 13,475"
8,"₹ 14,700"
9,"₹ 15,925"
10,"₹ 17,150"
11,"₹ 18,375"
0,
0,"₹ 1,110"
1,"₹ 1,110"
2,"₹ 2,220"
3,"₹ 2,220"
4,"₹ 3,330"
5,"₹ 3,330"
6,"₹ 4,440"
7,"₹ 4,440"
0,Select Amount
1,"₹ 5,550"
2,"₹ 6,660"
3,"₹ 7,770"
4,"₹ 8,880"
5,"₹ 9,990"
6,"₹ 11,100"
7,"₹ 12,210"
8,"₹ 13,320"
9,"₹ 14,430"
10,"₹ 15,540"
11,"₹ 16,650"
0,
0,₹ 555
1,₹ 555
2,"₹ 1,110"
3,"₹ 1,110"
4,"₹ 1,665"
5,"₹ 1,665"
6,"₹ 2,220"
7,"₹ 2,220"
0,Select Amount
1,"₹ 2,775"
2,"₹ 3,330"
3,"₹ 3,885"
4,"₹ 4,440"
5,"₹ 4,995"
6,"₹ 5,550"
7,"₹ 6,105"
8,"₹ 6,660"
9,"₹ 7,215"
10,"₹ 7,770"
11,"₹ 8,325"
0,101 people are currently supporting this.
0,₹ 750
1,₹ 750
2,"₹ 1,500"
3,"₹ 1,500"
4,"₹ 2,250"
5,"₹ 2,250"
6,"₹ 3,000"
7,"₹ 3,000"
0,Select Amount
1,"₹ 3,750"
2,"₹ 4,500"
3,"₹ 5,250"
4,"₹ 6,000"
5,"₹ 6,750"
6,"₹ 7,500"
7,"₹ 8,250"
8,"₹ 9,000"
9,"₹ 9,750"
10,"₹ 10,500"
11,"₹ 11,250"
0,592 people are currently supporting this.
0,"₹ 2,775"
1,"₹ 2,775"
2,"₹ 5,550"
3,"₹ 5,550"
4,"₹ 8,325"
5,"₹ 8,325"
6,"₹ 11,100"
7,"₹ 11,100"
0,Select Amount
1,"₹ 13,875"
2,"₹ 16,650"
3,"₹ 19,425"
4,"₹ 22,200"
5,"₹ 24,975"
6,"₹ 27,750"
7,"₹ 30,525"
8,"₹ 33,300"
9,"₹ 36,075"
10,"₹ 38,850"
11,"₹ 41,625"
0,10 people are currently supporting this.
0,"₹ 2,000"
1,"₹ 2,000"
2,"₹ 4,000"
3,"₹ 4,000"
4,"₹ 6,000"
5,"₹ 6,000"
6,"₹ 8,000"
7,"₹ 8,000"
0,Select Amount
1,"₹ 10,000"
2,"₹ 12,000"
3,"₹ 14,000"
4,"₹ 16,000"
5,"₹ 18,000"
6,"₹ 20,000"
7,"₹ 22,000"
8,"₹ 24,000"
9,"₹ 26,000"
0,1183 people are currently supporting this.
0,"₹ 1,445"
1,"₹ 1,445"
2,"₹ 2,890"
3,"₹ 2,890"
4,"₹ 4,335"
5,"₹ 4,335"
6,"₹ 5,780"
7,"₹ 5,780"
0,Select Amount
1,"₹ 7,225"
2,"₹ 8,670"
3,"₹ 10,115"
4,"₹ 11,560"
5,"₹ 13,005"
6,"₹ 14,450"
7,"₹ 15,895"
8,"₹ 17,340"
9,"₹ 18,785"
10,"₹ 20,230"
11,"₹ 21,675"
0,53 people are currently supporting this.
0,₹ 500
1,₹ 500
2,"₹ 1,000"
3,"₹ 1,000"
4,"₹ 1,500"
5,"₹ 1,500"
6,"₹ 2,000"
7,"₹ 2,000"
0,Select Amount
1,"₹ 2,500"
2,"₹ 3,000"
3,"₹ 3,500"
4,"₹ 4,000"
5,"₹ 4,500"
6,"₹ 5,000"
7,"₹ 5,500"
8,"₹ 6,000"
9,"₹ 6,500"
10,"₹ 7,000"
11,"₹ 7,500"
0,10 people are currently supporting this.
0,"₹ 6,105"
1,"₹ 6,105"
2,"₹ 12,210"
3,"₹ 12,210"
4,"₹ 18,315"
5,"₹ 18,315"
6,"₹ 24,420"
7,"₹ 24,420"
0,Select Amount
1,"₹ 30,525"
2,"₹ 36,630"
3,"₹ 42,735"
4,"₹ 48,840"
5,"₹ 54,945"
6,"₹ 61,050"
7,"₹ 67,155"
8,"₹ 73,260"
9,"₹ 79,365"
10,"₹ 85,470"
11,"₹ 91,575"
0,694 people are currently supporting this.
0,₹ 300
1,₹ 300
2,₹ 600
3,₹ 600
4,₹ 900
5,₹ 900
6,"₹ 1,200"
7,"₹ 1,200"
0,Select Amount
1,"₹ 1,500"
2,"₹ 1,800"
3,"₹ 2,100"
4,"₹ 2,400"
5,"₹ 2,700"
6,"₹ 3,000"
7,"₹ 3,300"
8,"₹ 3,600"
9,"₹ 3,900"
10,"₹ 4,200"
11,"₹ 4,500"
0,630 people are currently supporting this.
0,₹ 500
1,₹ 500
2,"₹ 1,000"
3,"₹ 1,000"
4,"₹ 1,500"
5,"₹ 1,500"
6,"₹ 2,000"
7,"₹ 2,000"
0,Select Amount
1,"₹ 2,500"
2,"₹ 3,000"
3,"₹ 3,500"
4,"₹ 4,000"
5,"₹ 4,500"
6,"₹ 5,000"
7,"₹ 5,500"
8,"₹ 6,000"
9,"₹ 6,500"
10,"₹ 7,000"
11,"₹ 7,500"
0,27 people are currently supporting this.
0,"₹ 3,555"
1,"₹ 3,555"
2,"₹ 7,110"
3,"₹ 7,110"
4,"₹ 10,665"
5,"₹ 10,665"
6,"₹ 14,220"
7,"₹ 14,220"
0,Select Amount
1,"₹ 17,775"
2,"₹ 21,330"
3,"₹ 24,885"
4,"₹ 28,440"
5,"₹ 31,995"
6,"₹ 35,550"
7,"₹ 39,105"
8,"₹ 42,660"
9,"₹ 46,215"
10,"₹ 49,770"
11,"₹ 53,325"
0,24 people are currently supporting this.
0,"₹ 3,330"
1,"₹ 3,330"
2,"₹ 6,660"
3,"₹ 6,660"
4,"₹ 9,990"
5,"₹ 9,990"
6,"₹ 13,320"
7,"₹ 13,320"
0,Select Amount
1,"₹ 16,650"
2,"₹ 19,980"
3,"₹ 23,310"
4,"₹ 26,640"
5,"₹ 29,970"
6,"₹ 33,300"
7,"₹ 36,630"
8,"₹ 39,960"
9,"₹ 43,290"
10,"₹ 46,620"
11,"₹ 49,950"
0,15 people are currently supporting this.
0,"₹ 2,000"
1,"₹ 2,000"
2,"₹ 4,000"
3,"₹ 4,000"
4,"₹ 6,000"
5,"₹ 6,000"
6,"₹ 8,000"
7,"₹ 8,000"
0,Select Amount
1,"₹ 10,000"
2,"₹ 12,000"
3,"₹ 14,000"
4,"₹ 16,000"
5,"₹ 18,000"
6,"₹ 20,000"
7,"₹ 22,000"
8,"₹ 24,000"
9,"₹ 26,000"
10,"₹ 28,000"
11,"₹ 30,000"
0,9 people are currently supporting this.
0,"₹ 9,435"
1,"₹ 9,435"
2,"₹ 18,870"
3,"₹ 18,870"
4,"₹ 28,305"
5,"₹ 28,305"
6,"₹ 37,740"
7,"₹ 37,740"
0,Select Amount
1,"₹ 47,175"
2,"₹ 56,610"
3,"₹ 66,045"
4,"₹ 75,480"
5,"₹ 84,915"
6,"₹ 94,350"
7,"₹ 1,03,785"
8,"₹ 1,13,220"
9,"₹ 1,22,655"
10,"₹ 1,32,090"
11,"₹ 1,41,525"
0,755 people are currently supporting this.
0,"₹ 1,280"
1,"₹ 1,280"
2,"₹ 2,560"
3,"₹ 2,560"
4,"₹ 3,840"
5,"₹ 3,840"
6,"₹ 5,120"
7,"₹ 5,120"
0,Select Amount
1,"₹ 6,400"
2,"₹ 7,680"
3,"₹ 8,960"
4,"₹ 10,240"
5,"₹ 11,520"
6,"₹ 12,800"
7,"₹ 14,080"
8,"₹ 15,360"
9,"₹ 16,640"
10,"₹ 17,920"
11,"₹ 19,200"
0,658 people are currently supporting this.
0,₹ 300
1,₹ 300
2,₹ 600
3,₹ 600
4,₹ 900
5,₹ 900
6,"₹ 1,200"
7,"₹ 1,200"
0,Select Amount
1,"₹ 1,500"
2,"₹ 1,800"
3,"₹ 2,100"
4,"₹ 2,400"
5,"₹ 2,700"
6,"₹ 3,000"
7,"₹ 3,300"
8,"₹ 3,600"
9,"₹ 3,900"
10,"₹ 4,200"
11,"₹ 4,500"
0,357 people are currently supporting this.
0,"₹ 1,110"
1,"₹ 1,110"
2,"₹ 2,220"
3,"₹ 2,220"
4,"₹ 3,330"
5,"₹ 3,330"
6,"₹ 4,440"
7,"₹ 4,440"
0,Select Amount
1,"₹ 5,550"
2,"₹ 6,660"
3,"₹ 7,770"
4,"₹ 8,880"
5,"₹ 9,990"
6,"₹ 11,100"
7,"₹ 12,210"
8,"₹ 13,320"
9,"₹ 14,430"
10,"₹ 15,540"
11,"₹ 16,650"
0,504 people are currently supporting this.
0,"₹ 1,890"
1,"₹ 1,890"
2,"₹ 3,780"
3,"₹ 3,780"
4,"₹ 5,670"
5,"₹ 5,670"
6,"₹ 7,560"
7,"₹ 7,560"
0,Select Amount
1,"₹ 9,450"
2,"₹ 11,340"
3,"₹ 13,230"
4,"₹ 15,120"
5,"₹ 17,010"
6,"₹ 18,900"
7,"₹ 20,790"
8,"₹ 22,680"
9,"₹ 24,570"
10,"₹ 26,460"
11,"₹ 28,350"
0,
0,"₹ 6,105"
1,"₹ 6,105"
2,"₹ 12,210"
3,"₹ 12,210"
4,"₹ 18,315"
5,"₹ 18,315"
6,"₹ 24,420"
7,"₹ 24,420"
0,Select Amount
1,"₹ 30,525"
2,"₹ 36,630"
3,"₹ 42,735"
4,"₹ 48,840"
5,"₹ 54,945"
6,"₹ 61,050"
7,"₹ 67,155"
8,"₹ 73,260"
9,"₹ 79,365"
10,"₹ 85,470"
11,"₹ 91,575"
0,22 people are currently supporting this.
0,"₹ 2,000"
1,"₹ 2,000"
2,"₹ 4,000"
3,"₹ 4,000"
4,"₹ 6,000"
5,"₹ 6,000"
6,"₹ 8,000"
7,"₹ 8,000"
0,Select Amount
1,"₹ 10,000"
2,"₹ 12,000"
3,"₹ 14,000"
4,"₹ 16,000"
5,"₹ 18,000"
6,"₹ 20,000"
7,"₹ 22,000"
8,"₹ 24,000"
9,"₹ 26,000"
10,"₹ 28,000"
11,"₹ 30,000"
0,213 people are currently supporting this.
0,"₹ 4,385"
1,"₹ 4,385"
2,"₹ 8,770"
3,"₹ 8,770"
4,"₹ 13,155"
5,"₹ 13,155"
6,"₹ 17,540"
7,"₹ 17,540"
0,Select Amount
1,"₹ 21,925"
2,"₹ 26,310"
3,"₹ 30,695"
4,"₹ 35,080"
5,"₹ 39,465"
6,"₹ 43,850"
7,"₹ 48,235"
8,"₹ 52,620"
9,"₹ 57,005"
10,"₹ 61,390"
11,"₹ 65,775"
0,983 people are currently supporting this.
0,"₹ 4,440"
1,"₹ 4,440"
2,"₹ 8,880"
3,"₹ 8,880"
4,"₹ 13,320"
5,"₹ 13,320"
6,"₹ 17,760"
7,"₹ 17,760"
0,Select Amount
1,"₹ 22,200"
2,"₹ 26,640"
3,"₹ 31,080"
4,"₹ 35,520"
5,"₹ 39,960"
6,"₹ 44,400"
7,"₹ 48,840"
8,"₹ 53,280"
9,"₹ 57,720"
10,"₹ 62,160"
11,"₹ 66,600"
0,123 people are currently supporting this.
0,"₹ 1,000"
1,"₹ 1,000"
2,"₹ 1,500"
3,"₹ 1,500"
4,"₹ 2,000"
5,"₹ 2,000"
6,"₹ 2,500"
7,"₹ 2,500"
0,Select Amount
1,"₹ 3,000"
2,"₹ 3,500"
3,"₹ 4,000"
4,"₹ 4,500"
5,"₹ 5,000"
6,"₹ 5,500"
7,"₹ 6,000"
8,"₹ 6,500"
9,"₹ 7,000"
10,"₹ 7,500"
11,"₹ 8,000"
0,298 people are currently supporting this.
0,"₹ 1,000"
1,"₹ 1,000"
2,"₹ 2,000"
3,"₹ 2,000"
4,"₹ 3,000"
5,"₹ 3,000"
6,"₹ 4,000"
7,"₹ 4,000"
0,Select Amount
1,"₹ 5,000"
2,"₹ 6,000"
3,"₹ 7,000"
4,"₹ 8,000"
5,"₹ 9,000"
6,"₹ 10,000"
7,"₹ 11,000"
8,"₹ 12,000"
9,"₹ 13,000"
10,"₹ 14,000"
11,"₹ 15,000"
0,710 people are currently supporting this.
0,₹ 598
1,₹ 598
2,₹ 897
3,₹ 897
4,"₹ 1,196"
5,"₹ 1,196"
6,"₹ 1,495"
7,"₹ 1,495"
0,Select Amount
1,"₹ 1,794"
2,"₹ 2,093"
3,"₹ 2,392"
4,"₹ 2,691"
5,"₹ 2,990"
6,"₹ 3,289"
7,"₹ 3,588"
8,"₹ 3,887"
9,"₹ 4,186"
10,"₹ 4,485"
11,"₹ 4,784"
0,39 people are currently supporting this.
0,₹ 685
1,₹ 685
2,"₹ 1,370"
3,"₹ 1,370"
4,"₹ 2,055"
5,"₹ 2,055"
6,"₹ 2,740"
7,"₹ 2,740"
0,Select Amount
1,"₹ 3,425"
2,"₹ 4,110"
3,"₹ 4,795"
4,"₹ 5,480"
5,"₹ 6,165"
6,"₹ 6,850"
7,"₹ 7,535"
8,"₹ 8,220"
9,"₹ 8,905"
10,"₹ 9,590"
11,"₹ 10,275"
0,352 people are currently supporting this.
0,₹ 100
1,₹ 100
2,₹ 200
3,₹ 200
4,₹ 500
5,₹ 500
6,"₹ 1,000"
7,"₹ 1,000"
0,Other Amount to be entered
0,221 people are currently supporting this.
0,₹ 500
1,₹ 500
2,"₹ 1,000"
3,"₹ 1,000"
4,"₹ 1,500"
5,"₹ 1,500"
6,"₹ 2,000"
7,"₹ 2,000"
0,Select Amount
1,"₹ 2,500"
2,"₹ 3,000"
3,"₹ 3,500"
4,"₹ 4,000"
5,"₹ 4,500"
6,"₹ 5,000"
7,"₹ 5,500"
8,"₹ 6,000"
9,"₹ 6,500"
10,"₹ 7,000"
11,"₹ 7,500"
0,14 people are currently supporting this.
0,"₹ 1,855"
1,"₹ 1,855"
2,"₹ 3,710"
3,"₹ 3,710"
4,"₹ 5,565"
5,"₹ 5,565"
6,"₹ 7,420"
7,"₹ 7,420"
0,Select Amount
1,"₹ 9,275"
2,"₹ 11,130"
3,"₹ 12,985"
4,"₹ 14,840"
5,"₹ 16,695"
6,"₹ 18,550"
7,"₹ 20,405"
8,"₹ 22,260"
9,"₹ 24,115"
10,"₹ 25,970"
11,"₹ 27,825"
0,12 people are currently supporting this.
0,"₹ 3,407"
1,"₹ 3,407"
2,"₹ 6,814"
3,"₹ 6,814"
4,"₹ 10,221"
5,"₹ 10,221"
6,"₹ 13,628"
7,"₹ 13,628"
0,Select Amount
1,"₹ 17,035"
2,"₹ 20,442"
3,"₹ 23,849"
4,"₹ 27,256"
5,"₹ 30,663"
6,"₹ 34,070"
7,"₹ 37,477"
8,"₹ 40,884"
9,"₹ 44,291"
10,"₹ 47,698"
11,"₹ 51,105"
0,23 people are currently supporting this.
0,"₹ 1,665"
1,"₹ 1,665"
2,"₹ 3,330"
3,"₹ 3,330"
4,"₹ 4,995"
5,"₹ 4,995"
6,"₹ 6,660"
7,"₹ 6,660"
0,Select Amount
1,"₹ 8,325"
2,"₹ 9,990"
3,"₹ 11,655"
4,"₹ 13,320"
5,"₹ 14,985"
6,"₹ 16,650"
7,"₹ 18,315"
8,"₹ 19,980"
9,"₹ 21,645"
10,"₹ 23,310"
11,"₹ 24,975"
0,241 people are currently supporting this.
0,"₹ 1,554"
1,"₹ 1,554"
2,"₹ 3,108"
3,"₹ 3,108"
4,"₹ 4,662"
5,"₹ 4,662"
6,"₹ 6,216"
7,"₹ 6,216"
0,Select Amount
1,"₹ 7,770"
2,"₹ 9,324"
3,"₹ 10,878"
4,"₹ 12,432"
5,"₹ 13,986"
6,"₹ 15,540"
7,"₹ 17,094"
8,"₹ 18,648"
9,"₹ 20,202"
10,"₹ 21,756"
11,"₹ 23,310"
0,4 people are currently supporting this.
0,"₹ 3,108"
1,"₹ 3,108"
2,"₹ 6,216"
3,"₹ 6,216"
4,"₹ 9,324"
5,"₹ 9,324"
6,"₹ 12,432"
7,"₹ 12,432"
0,Select Amount
1,"₹ 15,540"
2,"₹ 18,648"
3,"₹ 21,756"
4,"₹ 24,864"
5,"₹ 27,972"
6,"₹ 31,080"
7,"₹ 34,188"
8,"₹ 37,296"
9,"₹ 40,404"
10,"₹ 43,512"
11,"₹ 46,620"
0,123 people are currently supporting this.
0,"₹ 1,320"
1,"₹ 1,320"
2,"₹ 2,640"
3,"₹ 2,640"
4,"₹ 3,960"
5,"₹ 3,960"
6,"₹ 5,280"
7,"₹ 5,280"
0,Select Amount
1,"₹ 6,600"
2,"₹ 7,920"
3,"₹ 9,240"
4,"₹ 10,560"
5,"₹ 11,880"
6,"₹ 13,200"
7,"₹ 14,520"
8,"₹ 15,840"
9,"₹ 17,160"
10,"₹ 18,480"
11,"₹ 19,800"
0,16 people are currently supporting this.
0,"₹ 1,532"
1,"₹ 1,532"
2,"₹ 3,064"
3,"₹ 3,064"
4,"₹ 4,596"
5,"₹ 4,596"
6,"₹ 6,128"
7,"₹ 6,128"
0,Select Amount
1,"₹ 7,660"
2,"₹ 9,192"
3,"₹ 10,724"
4,"₹ 12,256"
5,"₹ 13,788"
6,"₹ 15,320"
7,"₹ 16,852"
8,"₹ 18,384"
9,"₹ 19,916"
10,"₹ 21,448"
11,"₹ 22,980"
0,376 people are currently supporting this.
0,"₹ 1,000"
1,"₹ 1,000"
2,"₹ 2,000"
3,"₹ 2,000"
4,"₹ 3,000"
5,"₹ 3,000"
6,"₹ 4,000"
7,"₹ 4,000"
0,Select Amount
1,"₹ 5,000"
2,"₹ 6,000"
3,"₹ 7,000"
4,"₹ 8,000"
5,"₹ 9,000"
6,"₹ 10,000"
7,"₹ 11,000"
8,"₹ 12,000"
9,"₹ 13,000"
10,"₹ 14,000"
11,"₹ 15,000"
0,66 people are currently supporting this.
0,"₹ 1,000"
1,"₹ 1,000"
2,"₹ 2,000"
3,"₹ 2,000"
4,"₹ 3,000"
5,"₹ 3,000"
6,"₹ 4,000"
7,"₹ 4,000"
0,Select Amount
1,"₹ 5,000"
2,"₹ 6,000"
3,"₹ 7,000"
4,"₹ 8,000"
5,"₹ 9,000"
6,"₹ 10,000"
7,"₹ 11,000"
8,"₹ 12,000"
9,"₹ 13,000"
10,"₹ 14,000"
11,"₹ 15,000"
0,62 people are currently supporting this.
0,"₹ 1,110"
1,"₹ 1,110"
2,"₹ 1,665"
3,"₹ 1,665"
4,"₹ 2,220"
5,"₹ 2,220"
6,"₹ 2,775"
7,"₹ 2,775"
0,Select Amount
1,"₹ 3,330"
2,"₹ 3,885"
3,"₹ 4,440"
4,"₹ 4,995"
5,"₹ 5,550"
6,"₹ 6,105"
7,"₹ 6,660"
8,"₹ 7,215"
9,"₹ 7,770"
10,"₹ 8,325"
11,"₹ 8,880"
0,71 people are currently supporting this.
0,₹ 500
1,₹ 500
2,"₹ 1,000"
3,"₹ 1,000"
4,"₹ 1,500"
5,"₹ 1,500"
6,"₹ 2,000"
7,"₹ 2,000"
0,Select Amount
1,"₹ 2,500"
2,"₹ 3,000"
3,"₹ 3,500"
4,"₹ 4,000"
5,"₹ 4,500"
6,"₹ 5,000"
7,"₹ 5,500"
8,"₹ 6,000"
9,"₹ 6,500"
10,"₹ 7,000"
11,"₹ 7,500"
0,59 people are currently supporting this.
0,₹ 500
1,₹ 500
2,"₹ 1,000"
3,"₹ 1,000"
4,"₹ 1,500"
5,"₹ 1,500"
6,"₹ 2,000"
7,"₹ 2,000"
0,Select Amount
1,"₹ 2,500"
2,"₹ 3,000"
3,"₹ 3,500"
4,"₹ 4,000"
5,"₹ 4,500"
6,"₹ 5,000"
7,"₹ 5,500"
8,"₹ 6,000"
9,"₹ 6,500"
10,"₹ 7,000"
11,"₹ 7,500"
0,
0,"₹ 1,405"
1,"₹ 1,405"
2,"₹ 2,810"
3,"₹ 2,810"
4,"₹ 4,215"
5,"₹ 4,215"
6,"₹ 5,620"
7,"₹ 5,620"
0,Select Amount
1,"₹ 7,025"
2,"₹ 8,430"
3,"₹ 9,835"
4,"₹ 11,240"
5,"₹ 12,645"
6,"₹ 14,050"
7,"₹ 15,455"
8,"₹ 16,860"
9,"₹ 18,265"
10,"₹ 19,670"
11,"₹ 21,075"
0,
0,"₹ 2,054"
1,"₹ 2,054"
2,"₹ 4,108"
3,"₹ 4,108"
4,"₹ 6,162"
5,"₹ 6,162"
6,"₹ 8,216"
7,"₹ 8,216"
0,Select Amount
1,"₹ 10,270"
2,"₹ 12,324"
3,"₹ 14,378"
4,"₹ 16,432"
5,"₹ 18,486"
6,"₹ 20,540"
7,"₹ 22,594"
8,"₹ 24,648"
9,"₹ 26,702"
10,"₹ 28,756"
11,"₹ 30,810"
0,43 people are currently supporting this.
0,"₹ 1,221"
1,"₹ 1,221"
2,"₹ 2,442"
3,"₹ 2,442"
4,"₹ 3,663"
5,"₹ 3,663"
6,"₹ 4,884"
7,"₹ 4,884"
0,Select Amount
1,"₹ 6,105"
2,"₹ 7,326"
3,"₹ 8,547"
4,"₹ 9,768"
5,"₹ 10,989"
6,"₹ 12,210"
7,"₹ 13,431"
8,"₹ 14,652"
9,"₹ 15,873"
10,"₹ 17,094"
11,"₹ 18,315"
0,285 people are currently supporting this.
0,₹ 189
1,₹ 189
2,₹ 378
3,₹ 378
4,₹ 567
5,₹ 567
6,₹ 756
7,₹ 756
0,Select Amount
1,₹ 945
2,"₹ 1,134"
3,"₹ 1,323"
4,"₹ 1,512"
5,"₹ 1,701"
6,"₹ 1,890"
7,"₹ 2,079"
8,"₹ 2,268"
9,"₹ 2,457"
10,"₹ 2,646"
11,"₹ 2,835"
0,159 people are currently supporting this.
0,₹ 583
1,₹ 583
2,"₹ 1,166"
3,"₹ 1,166"
4,"₹ 1,749"
5,"₹ 1,749"
6,"₹ 2,332"
7,"₹ 2,332"
0,Select Amount
1,"₹ 2,915"
2,"₹ 3,498"
3,"₹ 4,081"
4,"₹ 4,664"
5,"₹ 5,247"
6,"₹ 5,830"
7,"₹ 6,413"
8,"₹ 6,996"
9,"₹ 7,579"
10,"₹ 8,162"
11,"₹ 8,745"
0,
0,₹ 500
1,₹ 500
2,"₹ 1,000"
3,"₹ 1,000"
4,"₹ 1,500"
5,"₹ 1,500"
6,"₹ 2,000"
7,"₹ 2,000"
0,Select Amount
1,"₹ 2,500"
2,"₹ 3,000"
3,"₹ 3,500"
4,"₹ 4,000"
5,"₹ 4,500"
6,"₹ 5,000"
7,"₹ 5,500"
8,"₹ 6,000"
9,"₹ 6,500"
10,"₹ 7,000"
11,"₹ 7,500"
0,59 people are currently supporting this.
0,"₹ 2,035"
1,"₹ 2,035"
2,"₹ 4,070"
3,"₹ 4,070"
4,"₹ 6,105"
5,"₹ 6,105"
6,"₹ 8,140"
7,"₹ 8,140"
0,Select Amount
1,"₹ 10,175"
2,"₹ 12,210"
3,"₹ 14,245"
4,"₹ 16,280"
5,"₹ 18,315"
6,"₹ 20,350"
7,"₹ 22,385"
8,"₹ 24,420"
9,"₹ 26,455"
10,"₹ 28,490"
11,"₹ 30,525"
0,229 people are currently supporting this.
0,₹ 880
1,₹ 880
2,"₹ 1,760"
3,"₹ 1,760"
4,"₹ 2,640"
5,"₹ 2,640"
6,"₹ 3,520"
7,"₹ 3,520"
0,Select Amount
1,"₹ 4,400"
2,"₹ 5,280"
3,"₹ 6,160"
4,"₹ 7,040"
5,"₹ 7,920"
0,48 people are currently supporting this.
0,"₹ 2,497"
1,"₹ 2,497"
2,"₹ 4,994"
3,"₹ 4,994"
4,"₹ 7,491"
5,"₹ 7,491"
6,"₹ 9,988"
7,"₹ 9,988"
0,Select Amount
1,"₹ 12,485"
2,"₹ 14,982"
3,"₹ 17,479"
4,"₹ 19,976"
5,"₹ 22,473"
6,"₹ 24,970"
7,"₹ 27,467"
8,"₹ 29,964"
9,"₹ 32,461"
10,"₹ 34,958"
11,"₹ 37,455"
0,7 people are currently supporting this.
0,"₹ 2,200"
1,"₹ 2,200"
2,"₹ 4,400"
3,"₹ 4,400"
4,"₹ 6,600"
5,"₹ 6,600"
6,"₹ 8,800"
7,"₹ 8,800"
0,Select Amount
1,"₹ 11,000"
2,"₹ 13,200"
3,"₹ 15,400"
4,"₹ 17,600"
5,"₹ 19,800"
6,"₹ 22,000"
7,"₹ 24,200"
8,"₹ 26,400"
9,"₹ 28,600"
10,"₹ 30,800"
11,"₹ 33,000"
0,56 people are currently supporting this.
0,₹ 720
1,₹ 720
2,₹ 864
3,₹ 864
4,"₹ 1,008"
5,"₹ 1,008"
6,"₹ 1,152"
7,"₹ 1,152"
0,Select Amount
1,"₹ 1,296"
2,"₹ 1,440"
3,"₹ 1,584"
4,"₹ 1,728"
5,"₹ 1,872"
6,"₹ 2,016"
7,"₹ 2,160"
8,"₹ 2,304"
9,"₹ 2,448"
10,"₹ 2,592"
11,"₹ 2,736"
0,27 people are currently supporting this.
0,"₹ 2,500"
1,"₹ 2,500"
2,"₹ 5,000"
3,"₹ 5,000"
4,"₹ 7,500"
5,"₹ 7,500"
6,"₹ 10,000"
7,"₹ 10,000"
0,Select Amount
1,"₹ 12,500"
2,"₹ 15,000"
3,"₹ 17,500"
4,"₹ 20,000"
5,"₹ 22,500"
6,"₹ 25,000"
7,"₹ 27,500"
8,"₹ 30,000"
9,"₹ 32,500"
10,"₹ 35,000"
11,"₹ 37,500"
0,74 people are currently supporting this.
0,₹ 297
1,₹ 297
2,₹ 594
3,₹ 594
4,₹ 891
5,₹ 891
6,"₹ 1,188"
7,"₹ 1,188"
0,Select Amount
1,"₹ 1,485"
2,"₹ 1,782"
3,"₹ 2,079"
4,"₹ 2,376"
5,"₹ 2,673"
6,"₹ 2,970"
7,"₹ 3,267"
8,"₹ 3,564"
9,"₹ 3,861"
10,"₹ 4,158"
11,"₹ 4,455"
0,178 people are currently supporting this.
0,"₹ 1,200"
1,"₹ 1,200"
2,"₹ 2,400"
3,"₹ 2,400"
4,"₹ 3,600"
5,"₹ 3,600"
6,"₹ 4,800"
7,"₹ 4,800"
0,Select Amount
1,"₹ 6,000"
2,"₹ 7,200"
3,"₹ 8,400"
4,"₹ 9,600"
5,"₹ 10,800"
6,"₹ 12,000"
7,"₹ 13,200"
8,"₹ 14,400"
9,"₹ 15,600"
10,"₹ 16,800"
11,"₹ 18,000"
0,357 people are currently supporting this.
0,₹ 925
1,₹ 925
2,"₹ 1,850"
3,"₹ 1,850"
4,"₹ 2,775"
5,"₹ 2,775"
6,"₹ 3,700"
7,"₹ 3,700"
0,Select Amount
1,"₹ 4,625"
2,"₹ 5,550"
3,"₹ 6,475"
4,"₹ 7,400"
5,"₹ 8,325"
6,"₹ 9,250"
7,"₹ 10,175"
8,"₹ 11,100"
9,"₹ 12,025"
10,"₹ 12,950"
11,"₹ 13,875"
0,64 people are currently supporting this.
0,₹ 990
1,₹ 990
2,"₹ 1,980"
3,"₹ 1,980"
4,"₹ 2,970"
5,"₹ 2,970"
6,"₹ 3,960"
7,"₹ 3,960"
0,Select Amount
1,"₹ 4,950"
2,"₹ 5,940"
3,"₹ 6,930"
4,"₹ 7,920"
5,"₹ 8,910"
6,"₹ 9,900"
7,"₹ 10,890"
8,"₹ 11,880"
9,"₹ 12,870"
10,"₹ 13,860"
11,"₹ 14,850"
0,54 people are currently supporting this.
0,"₹ 1,155"
1,"₹ 1,155"
2,"₹ 2,310"
3,"₹ 2,310"
4,"₹ 3,465"
5,"₹ 3,465"
6,"₹ 4,620"
7,"₹ 4,620"
0,Select Amount
1,"₹ 5,775"
2,"₹ 6,930"
3,"₹ 8,085"
4,"₹ 9,240"
5,"₹ 10,395"
6,"₹ 11,550"
7,"₹ 12,705"
8,"₹ 13,860"
9,"₹ 15,015"
10,"₹ 16,170"
11,"₹ 17,325"
0,146 people are currently supporting this.
0,"₹ 1,650"
1,"₹ 1,650"
2,"₹ 3,300"
3,"₹ 3,300"
4,"₹ 4,950"
5,"₹ 4,950"
6,"₹ 6,600"
7,"₹ 6,600"
0,Select Amount
1,"₹ 8,250"
2,"₹ 9,900"
3,"₹ 11,550"
4,"₹ 13,200"
0,51 people are currently supporting this.
0,₹ 275
1,₹ 275
2,₹ 550
3,₹ 550
4,₹ 825
5,₹ 825
6,"₹ 1,100"
7,"₹ 1,100"
0,Select Amount
1,"₹ 1,375"
2,"₹ 1,650"
3,"₹ 1,925"
4,"₹ 2,200"
5,"₹ 2,475"
6,"₹ 2,750"
7,"₹ 3,025"
8,"₹ 3,300"
9,"₹ 3,575"
10,"₹ 3,850"
11,"₹ 4,125"
0,10 people are currently supporting this.
0,"₹ 1,980"
1,"₹ 1,980"
2,"₹ 3,960"
3,"₹ 3,960"
4,"₹ 5,940"
5,"₹ 5,940"
6,"₹ 7,920"
7,"₹ 7,920"
0,Select Amount
1,"₹ 9,900"
2,"₹ 11,880"
3,"₹ 13,860"
4,"₹ 15,840"
5,"₹ 17,820"
6,"₹ 19,800"
7,"₹ 21,780"
8,"₹ 23,760"
9,"₹ 25,740"
10,"₹ 27,720"
11,"₹ 29,700"
0,13 people are currently supporting this.
0,"₹ 1,100"
1,"₹ 1,100"
2,"₹ 2,200"
3,"₹ 2,200"
4,"₹ 3,300"
5,"₹ 3,300"
6,"₹ 4,400"
7,"₹ 4,400"
0,Select Amount
1,"₹ 5,500"
0,19 people are currently supporting this.
0,"₹ 2,566"
1,"₹ 2,566"
2,"₹ 5,132"
3,"₹ 5,132"
4,"₹ 7,698"
5,"₹ 7,698"
6,"₹ 10,264"
7,"₹ 10,264"
0,Select Amount
1,"₹ 12,830"
2,"₹ 15,396"
3,"₹ 17,962"
4,"₹ 20,528"
5,"₹ 23,094"
6,"₹ 25,660"
7,"₹ 28,226"
8,"₹ 30,792"
9,"₹ 33,358"
10,"₹ 35,924"
11,"₹ 38,490"
0,92 people are currently supporting this.
0,₹ 330
1,₹ 330
2,₹ 660
3,₹ 660
4,₹ 990
5,₹ 990
6,"₹ 1,320"
7,"₹ 1,320"
0,Select Amount
1,"₹ 1,650"
2,"₹ 1,980"
3,"₹ 2,310"
4,"₹ 2,640"
5,"₹ 2,970"
6,"₹ 3,300"
7,"₹ 3,630"
8,"₹ 3,960"
9,"₹ 4,290"
10,"₹ 4,620"
11,"₹ 4,950"
0,76 people are currently supporting this.
0,₹ 550
1,₹ 550
2,"₹ 1,100"
3,"₹ 1,100"
4,"₹ 1,650"
5,"₹ 1,650"
6,"₹ 2,200"
7,"₹ 2,200"
0,Select Amount
1,"₹ 2,750"
2,"₹ 3,300"
0,9 people are currently supporting this.
0,"₹ 1,650"
1,"₹ 1,650"
2,"₹ 3,300"
3,"₹ 3,300"
4,"₹ 4,950"
5,"₹ 4,950"
6,"₹ 6,600"
7,"₹ 6,600"
0,Select Amount
1,"₹ 8,250"
2,"₹ 9,900"
3,"₹ 11,550"
4,"₹ 13,200"
5,"₹ 14,850"
6,"₹ 16,500"
7,"₹ 18,150"
8,"₹ 19,800"
9,"₹ 21,450"
10,"₹ 23,100"
11,"₹ 24,750"
0,1175 people are currently supporting this.
0,"₹ 1,480"
1,"₹ 1,480"
2,"₹ 2,960"
3,"₹ 2,960"
4,"₹ 4,440"
5,"₹ 4,440"
6,"₹ 5,920"
7,"₹ 5,920"
0,Select Amount
1,"₹ 7,400"
2,"₹ 8,880"
3,"₹ 10,360"
4,"₹ 11,840"
5,"₹ 13,320"
6,"₹ 14,800"
7,"₹ 16,280"
8,"₹ 17,760"
9,"₹ 19,240"
10,"₹ 20,720"
11,"₹ 22,200"
0,15 people are currently supporting this.
0,₹ 847
1,₹ 847
2,"₹ 1,694"
3,"₹ 1,694"
4,"₹ 2,541"
5,"₹ 2,541"
6,"₹ 3,388"
7,"₹ 3,388"
0,Select Amount
1,"₹ 4,235"
2,"₹ 5,082"
3,"₹ 5,929"
4,"₹ 6,776"
5,"₹ 7,623"
6,"₹ 8,470"
7,"₹ 9,317"
8,"₹ 10,164"
9,"₹ 11,011"
10,"₹ 11,858"
11,"₹ 12,705"
0,24 people are currently supporting this.
0,₹ 666
1,₹ 666
2,"₹ 1,332"
3,"₹ 1,332"
4,"₹ 1,998"
5,"₹ 1,998"
6,"₹ 2,664"
7,"₹ 2,664"
0,Select Amount
1,"₹ 3,330"
2,"₹ 3,996"
3,"₹ 4,662"
4,"₹ 5,328"
5,"₹ 5,994"
6,"₹ 6,660"
7,"₹ 7,326"
8,"₹ 7,992"
9,"₹ 8,658"
10,"₹ 9,324"
11,"₹ 9,990"
0,27 people are currently supporting this.
0,₹ 363
1,₹ 363
2,₹ 726
3,₹ 726
4,"₹ 1,089"
5,"₹ 1,089"
6,"₹ 1,452"
7,"₹ 1,452"
0,Select Amount
1,"₹ 1,815"
2,"₹ 2,178"
3,"₹ 2,541"
4,"₹ 2,904"
5,"₹ 3,267"
6,"₹ 3,630"
7,"₹ 3,993"
8,"₹ 4,356"
9,"₹ 4,719"
10,"₹ 5,082"
11,"₹ 5,445"
0,21 people are currently supporting this.
0,₹ 968
1,₹ 968
2,"₹ 1,936"
3,"₹ 1,936"
4,"₹ 2,904"
5,"₹ 2,904"
6,"₹ 3,872"
7,"₹ 3,872"
0,Select Amount
1,"₹ 4,840"
2,"₹ 5,808"
3,"₹ 6,776"
4,"₹ 7,744"
5,"₹ 8,712"
6,"₹ 9,680"
7,"₹ 10,648"
8,"₹ 11,616"
9,"₹ 12,584"
10,"₹ 13,552"
11,"₹ 14,520"
0,23 people are currently supporting this.
0,₹ 990
1,₹ 990
2,"₹ 1,980"
3,"₹ 1,980"
4,"₹ 2,970"
5,"₹ 2,970"
6,"₹ 3,960"
7,"₹ 3,960"
0,Select Amount
1,"₹ 4,950"
2,"₹ 5,940"
3,"₹ 6,930"
4,"₹ 7,920"
5,"₹ 8,910"
6,"₹ 9,900"
7,"₹ 10,890"
8,"₹ 11,880"
9,"₹ 12,870"
10,"₹ 13,860"
11,"₹ 14,850"
0,19 people are currently supporting this.
0,₹ 660
1,₹ 660
2,"₹ 1,320"
3,"₹ 1,320"
4,"₹ 1,980"
5,"₹ 1,980"
6,"₹ 2,640"
7,"₹ 2,640"
0,Select Amount
1,"₹ 3,300"
2,"₹ 3,960"
3,"₹ 4,620"
4,"₹ 5,280"
0,60 people are currently supporting this.
0,₹ 735
1,₹ 735
2,"₹ 1,470"
3,"₹ 1,470"
4,"₹ 2,205"
5,"₹ 2,205"
6,"₹ 2,940"
7,"₹ 2,940"
0,Select Amount
0,16 people are currently supporting this.
0,"₹ 1,045"
1,"₹ 1,045"
2,"₹ 2,090"
3,"₹ 2,090"
4,"₹ 3,135"
5,"₹ 3,135"
6,"₹ 4,180"
7,"₹ 4,180"
0,Select Amount
1,"₹ 5,225"
2,"₹ 6,270"
3,"₹ 7,315"
4,"₹ 8,360"
5,"₹ 9,405"
6,"₹ 10,450"
7,"₹ 11,495"
8,"₹ 12,540"
9,"₹ 13,585"
10,"₹ 14,630"
11,"₹ 15,675"
0,12 people are currently supporting this.
0,₹ 660
1,₹ 660
2,"₹ 1,320"
3,"₹ 1,320"
4,"₹ 1,980"
5,"₹ 1,980"
6,"₹ 2,640"
7,"₹ 2,640"
0,Select Amount
1,"₹ 3,300"
2,"₹ 3,960"
3,"₹ 4,620"
4,"₹ 5,280"
5,"₹ 5,940"
6,"₹ 6,600"
7,"₹ 7,260"
8,"₹ 7,920"
9,"₹ 8,580"
10,"₹ 9,240"
11,"₹ 9,900"
0,39 people are currently supporting this.
0,₹ 858
1,₹ 858
2,"₹ 1,716"
3,"₹ 1,716"
4,"₹ 2,574"
5,"₹ 2,574"
6,"₹ 3,432"
7,"₹ 3,432"
0,Select Amount
1,"₹ 4,290"
2,"₹ 5,148"
3,"₹ 6,006"
4,"₹ 6,864"
5,"₹ 7,722"
6,"₹ 8,580"
7,"₹ 9,438"
8,"₹ 10,296"
9,"₹ 11,154"
10,"₹ 12,012"
11,"₹ 12,870"
0,3 people are currently supporting this.
0,₹ 806
1,₹ 806
2,"₹ 1,612"
3,"₹ 1,612"
4,"₹ 2,418"
5,"₹ 2,418"
6,"₹ 3,224"
7,"₹ 3,224"
0,Select Amount
1,"₹ 4,030"
2,"₹ 4,836"
3,"₹ 5,642"
4,"₹ 6,448"
5,"₹ 7,254"
6,"₹ 8,060"
7,"₹ 8,866"
8,"₹ 9,672"
9,"₹ 10,478"
10,"₹ 11,284"
11,"₹ 12,090"
0,122 people are currently supporting this.
0,₹ 165
1,₹ 165
2,₹ 330
3,₹ 330
4,₹ 495
5,₹ 495
6,₹ 660
7,₹ 660
0,Select Amount
1,₹ 825
2,₹ 990
3,"₹ 1,155"
4,"₹ 1,320"
5,"₹ 1,485"
6,"₹ 1,650"
7,"₹ 1,815"
8,"₹ 1,980"
9,"₹ 2,145"
10,"₹ 2,310"
11,"₹ 2,475"
0,28 people are currently supporting this.
0,"₹ 1,173"
1,"₹ 1,173"
2,"₹ 2,346"
3,"₹ 2,346"
4,"₹ 3,519"
5,"₹ 3,519"
6,"₹ 4,692"
7,"₹ 4,692"
0,Select Amount
1,"₹ 5,865"
2,"₹ 7,038"
3,"₹ 8,211"
4,"₹ 9,384"
5,"₹ 10,557"
6,"₹ 11,730"
7,"₹ 12,903"
8,"₹ 14,076"
9,"₹ 15,249"
10,"₹ 16,422"
11,"₹ 17,595"
0,27 people are currently supporting this.
0,"₹ 1,413"
1,"₹ 1,413"
2,"₹ 2,826"
3,"₹ 2,826"
4,"₹ 4,239"
5,"₹ 4,239"
6,"₹ 5,652"
7,"₹ 5,652"
0,Select Amount
1,"₹ 7,065"
2,"₹ 8,478"
3,"₹ 9,891"
4,"₹ 11,304"
5,"₹ 12,717"
6,"₹ 14,130"
7,"₹ 15,543"
8,"₹ 16,956"
9,"₹ 18,369"
10,"₹ 19,782"
11,"₹ 21,195"
0,98 people are currently supporting this.
0,₹ 385
1,₹ 385
2,₹ 770
3,₹ 770
4,"₹ 1,155"
5,"₹ 1,155"
6,"₹ 1,540"
7,"₹ 1,540"
0,Select Amount
1,"₹ 1,925"
2,"₹ 2,310"
3,"₹ 2,695"
4,"₹ 3,080"
5,"₹ 3,465"
6,"₹ 3,850"
7,"₹ 4,235"
8,"₹ 4,620"
9,"₹ 5,005"
10,"₹ 5,390"
11,"₹ 5,775"
0,25 people are currently supporting this.
0,₹ 190
1,₹ 190
2,₹ 380
3,₹ 380
4,₹ 570
5,₹ 570
6,₹ 760
7,₹ 760
0,Select Amount
1,₹ 950
2,"₹ 1,140"
3,"₹ 1,330"
4,"₹ 1,520"
5,"₹ 1,710"
6,"₹ 1,900"
7,"₹ 2,090"
8,"₹ 2,280"
9,"₹ 2,470"
10,"₹ 2,660"
11,"₹ 2,850"
0,11 people are currently supporting this.
0,₹ 200
1,₹ 200
2,₹ 400
3,₹ 400
4,₹ 600
5,₹ 600
6,₹ 800
7,₹ 800
0,Select Amount
1,"₹ 1,000"
2,"₹ 1,200"
3,"₹ 1,400"
4,"₹ 1,600"
5,"₹ 1,800"
6,"₹ 2,000"
7,"₹ 2,200"
8,"₹ 2,400"
9,"₹ 2,600"
10,"₹ 2,800"
11,"₹ 3,000"
0,6 people are currently supporting this.
0,₹ 200
1,₹ 200
2,₹ 400
3,₹ 400
4,₹ 600
5,₹ 600
6,₹ 800
7,₹ 800
0,Select Amount
1,"₹ 1,000"
2,"₹ 1,200"
3,"₹ 1,400"
4,"₹ 1,600"
5,"₹ 1,800"
6,"₹ 2,000"
7,"₹ 2,200"
8,"₹ 2,400"
9,"₹ 2,600"
10,"₹ 2,800"
11,"₹ 3,000"
0,
0,Other Amount to be entered
0,5 people are currently supporting this.
0,₹ 200
1,₹ 200
2,₹ 400
3,₹ 400
4,₹ 600
5,₹ 600
6,₹ 800
7,₹ 800
0,Select Amount
1,"₹ 1,000"
2,"₹ 1,200"
3,"₹ 1,400"
4,"₹ 1,600"
5,"₹ 1,800"
6,"₹ 2,000"
7,"₹ 2,200"
8,"₹ 2,400"
9,"₹ 2,600"
10,"₹ 2,800"
11,"₹ 3,000"
0,24 people are currently supporting this.
0,₹ 200
1,₹ 200
2,₹ 400
3,₹ 400
4,₹ 600
5,₹ 600
6,₹ 800
7,₹ 800
0,Select Amount
1,"₹ 1,000"
2,"₹ 1,200"
3,"₹ 1,400"
4,"₹ 1,600"
5,"₹ 1,800"
6,"₹ 2,000"
7,"₹ 2,200"
8,"₹ 2,400"
9,"₹ 2,600"
10,"₹ 2,800"
11,"₹ 3,000"
0,11 people are currently supporting this.
0,₹ 165
1,₹ 165
2,₹ 330
3,₹ 330
4,₹ 495
5,₹ 495
6,₹ 660
7,₹ 660
0,Select Amount
1,₹ 825
2,₹ 990
3,"₹ 1,155"
4,"₹ 1,320"
5,"₹ 1,485"
6,"₹ 1,650"
7,"₹ 1,815"
8,"₹ 1,980"
9,"₹ 2,145"
10,"₹ 2,310"
11,"₹ 2,475"
0,34 people are currently supporting this.
0,"₹ 1,250"
1,"₹ 1,250"
2,"₹ 2,500"
3,"₹ 2,500"
4,"₹ 3,750"
5,"₹ 3,750"
6,"₹ 5,000"
7,"₹ 5,000"
0,Select Amount
1,"₹ 6,250"
2,"₹ 7,500"
3,"₹ 8,750"
4,"₹ 10,000"
5,"₹ 11,250"
6,"₹ 12,500"
7,"₹ 13,750"
8,"₹ 15,000"
9,"₹ 16,250"
10,"₹ 17,500"
11,"₹ 18,750"
0,21 people are currently supporting this.
0,₹ 769
1,₹ 769
2,"₹ 1,538"
3,"₹ 1,538"
4,"₹ 2,307"
5,"₹ 2,307"
6,"₹ 3,076"
7,"₹ 3,076"
0,Select Amount
1,"₹ 3,845"
2,"₹ 4,614"
3,"₹ 5,383"
4,"₹ 6,152"
5,"₹ 6,921"
6,"₹ 7,690"
7,"₹ 8,459"
8,"₹ 9,228"
9,"₹ 9,997"
10,"₹ 10,766"
11,"₹ 11,535"
0,4 people are currently supporting this.
0,"₹ 1,000"
1,"₹ 1,000"
2,"₹ 2,000"
3,"₹ 2,000"
4,"₹ 3,000"
5,"₹ 3,000"
6,"₹ 4,000"
7,"₹ 4,000"
0,Select Amount
1,"₹ 5,000"
2,"₹ 6,000"
3,"₹ 7,000"
4,"₹ 8,000"
5,"₹ 9,000"
6,"₹ 10,000"
7,"₹ 11,000"
8,"₹ 12,000"
9,"₹ 13,000"
10,"₹ 14,000"
11,"₹ 15,000"
0,25 people are currently supporting this.
0,₹ 605
1,₹ 605
2,"₹ 1,210"
3,"₹ 1,210"
4,"₹ 1,815"
5,"₹ 1,815"
6,"₹ 2,420"
7,"₹ 2,420"
0,Select Amount
1,"₹ 3,025"
2,"₹ 3,630"
3,"₹ 4,235"
4,"₹ 4,840"
5,"₹ 5,445"
6,"₹ 6,050"
7,"₹ 6,655"
8,"₹ 7,260"
9,"₹ 7,865"
10,"₹ 8,470"
11,"₹ 9,075"
0,8 people are currently supporting this.
0,₹ 667
1,₹ 667
2,"₹ 1,334"
3,"₹ 1,334"
4,"₹ 2,001"
5,"₹ 2,001"
6,"₹ 2,668"
7,"₹ 2,668"
0,Select Amount
1,"₹ 3,335"
2,"₹ 4,002"
3,"₹ 4,669"
4,"₹ 5,336"
5,"₹ 6,003"
6,"₹ 6,670"
7,"₹ 7,337"
8,"₹ 8,004"
9,"₹ 8,671"
10,"₹ 9,338"
11,"₹ 10,005"
0,1 person is currently supporting this.
0,₹ 904
1,₹ 904
2,"₹ 1,808"
3,"₹ 1,808"
4,"₹ 2,712"
5,"₹ 2,712"
6,"₹ 3,616"
7,"₹ 3,616"
0,Select Amount
1,"₹ 4,520"
2,"₹ 5,424"
3,"₹ 6,328"
4,"₹ 7,232"
5,"₹ 8,136"
6,"₹ 9,040"
7,"₹ 9,944"
8,"₹ 10,848"
9,"₹ 11,752"
10,"₹ 12,656"
11,"₹ 13,560"
0,2 people are currently supporting this.
0,₹ 625
1,₹ 625
2,"₹ 1,250"
3,"₹ 1,250"
4,"₹ 1,875"
5,"₹ 1,875"
6,"₹ 2,500"
7,"₹ 2,500"
0,Select Amount
1,"₹ 3,125"
2,"₹ 3,750"
3,"₹ 4,375"
4,"₹ 5,000"
5,"₹ 5,625"
6,"₹ 6,250"
7,"₹ 6,875"
8,"₹ 7,500"
9,"₹ 8,125"
10,"₹ 8,750"
11,"₹ 9,375"
0,2 people are currently supporting this.
0,₹ 500
1,₹ 500
2,"₹ 1,000"
3,"₹ 1,000"
4,"₹ 1,500"
5,"₹ 1,500"
6,"₹ 2,000"
7,"₹ 2,000"
0,Select Amount
1,"₹ 2,500"
2,"₹ 3,000"
3,"₹ 3,500"
4,"₹ 4,000"
5,"₹ 4,500"
6,"₹ 5,000"
7,"₹ 5,500"
8,"₹ 6,000"
9,"₹ 6,500"
10,"₹ 7,000"
11,"₹ 7,500"
0,3 people are currently supporting this.
0,₹ 100
1,₹ 100
2,₹ 200
3,₹ 200
4,₹ 500
5,₹ 500
6,"₹ 1,000"
7,"₹ 1,000"
0,Select Amount
1,"₹ 1,500"
2,"₹ 2,000"
3,"₹ 2,500"
4,"₹ 3,000"
5,"₹ 3,500"
6,"₹ 4,000"
7,"₹ 4,500"
8,"₹ 5,000"
9,"₹ 6,000"
10,"₹ 7,000"
11,"₹ 8,000"
12,"₹ 9,000"
13,"₹ 10,000"
14,"₹ 15,000"
15,"₹ 20,000"
16,"₹ 25,000"
17,"₹ 30,000"
18,"₹ 35,000"
19,"₹ 40,000"
20,"₹ 45,000"
21,"₹ 50,000"
22,"₹ 75,000"
23,"₹ 1,00,000"
